{"schemaVersion":"1.0","appDefinitionTemplate":{"id":"/providers/Microsoft.PowerApps/apps/","type":"Microsoft.PowerApps/apps","tags":{"primaryDeviceWidth":"1366","primaryDeviceHeight":"768","sienaVersion":"20210128T140645Z-3.21013.19.0","deviceCapabilities":"","supportsPortrait":"false","supportsLandscape":"true","primaryFormFactor":"Tablet","publisherVersion":"3.21013.19","minimumRequiredApiVersion":"2.2.0","hasComponent":"false","hasUnlockedComponent":"false","isUnifiedRootApp":"false"},"properties":{"appVersion":"2021-01-28T14:06:45Z","lifeCycleId":"Published","createdByClientVersion":{"major":3,"minor":21013,"build":19,"revision":0,"majorRevision":0,"minorRevision":0},"minClientVersion":{"major":3,"minor":21013,"build":19,"revision":0,"majorRevision":0,"minorRevision":0},"backgroundColor":"rgba(0, 176, 240, 1)","backgroundImageUri":"/15515817315435831723/N7778fd4c-b97f-4ec6-bc30-2bef5043d55a-logoSmallFile","displayName":"RH Actividades","description":"","commitMessage":"","appUris":{"documentUri":{"value":"/15515817315435831723/N1e976bb3-673b-4be4-b9ed-c4425aaeafa7-document.msapp"},"imageUris":[]},"createdTime":"0001-01-01T00:00:00Z","lastModifiedTime":"0001-01-01T00:00:00Z","sharedGroupsCount":0,"sharedUsersCount":0,"icons":{"smallIconUri":"/15515817315435831723/N774e948a-b17a-4d57-b5a9-ca160f08bc93-small.png","mediumIconUri":"/15515817315435831723/N3489c12f-3a3a-40cf-899f-3e315ace756e-medium.png","largeIconUri":"/15515817315435831723/N60576b3d-7866-4e5f-8577-5b6948ed4112-large.png","wideIconUri":"/15515817315435831723/N023d78a4-c35d-49a4-ab56-24919194f8ca-wide.png"},"connectionReferences":{"7c459ce4-4ca9-4104-8d91-06423217b82a":{"id":"5467f7a3-f0c8-42d2-b15c-c7abf1f318cd","displayName":"SharePoint","iconUri":"https://connectoricons-prod.azureedge.net/releases/v1.0.1431/1.0.1431.2301/sharepointonline/icon.png","dataSources":["SGA Proyectos","RH Duración Proyectos","RH Actividades"],"dependencies":[],"dependents":[],"parameterHints":{},"isOnPremiseConnection":false,"bypassConsent":false,"dataSets":{"https://sgasachile.sharepoint.com/sites/hidricos":{"dataSources":{"SGA Proyectos":{"tableName":"167b3619-a205-4e67-a5d3-218069d51505"},"RH Duración Proyectos":{"tableName":"ccb51947-fcc2-48bb-a55a-28d06fcf8a5f"},"RH Actividades":{"tableName":"bc95bb0c-510e-410f-985e-2ff43e4b4955"}}}},"apiTier":"Standard","isCustomApiConnection":false},"dfa1c509-32ee-4062-986f-35bc792b01b3":{"id":"19ec9d75-7933-4266-af7b-ba43d4a5c8b7","displayName":"Office 365 Outlook","iconUri":"https://connectoricons-prod.azureedge.net/releases/v1.0.1431/1.0.1431.2301/office365/icon.png","dataSources":["Office365Outlook"],"dependencies":[],"dependents":[],"parameterHints":{},"isOnPremiseConnection":false,"bypassConsent":false,"dataSets":{},"apiTier":"Standard","isCustomApiConnection":false,"actions":["SendEmailV2","SendEmail"]}},"databaseReferences":{},"almMode":"Environment","performanceOptimizationEnabled":true,"canConsumeAppPass":true,"executionRestrictions":{"isTeamsOnly":false,"dataLossPreventionEvaluationResult":{"status":"Compliant","lastEvaluationDate":"2020-11-10T21:05:51.8551187Z","violationDetails":[]}}},"isAppComponentLibrary":false,"appType":"ClassicCanvasApp","appComponents":[]}}